"LIBRARYREFERENCE","FOOTPRINT1","FOOTPRINT2","FOOTPRINT3","FOOTPRINT4","FOOTPRINT5","FOOTPRINT6","FOOTPRINT7","FOOTPRINT8","FOOTPRINT9","COMMENT","FULLNAME","GROUP","MANUFACTURER","NAMECOMP","NOISE","PART NUMBER","POWER","PRECISION","PRICE","TKE","TKS","TU","TU_COM","TYPE","TYPECOMP","VALUE","VOLT","SHEETPART","DESIGNATOR","DESCRIPTION"
"1019ЧТ1С","","","","","","","","","","1019ЧТ1С","","Микросхемы","","","","","","","","","","TU","","Type","","","","*","DA?",""
"1019ЧТ3С","","","","","","","","","","1019ЧТ3С","","Микросхемы","ЗАО "ОКБ МЭЛ"","","","","","","","","","АЕЯР.431320.507 ТУ","","1019ЧТ3С","","","","*","DA?",""
"10227EA","","","","","","","","","","10227EA","","Модули питания","","","","","","","","","","TU","","Type","","","","*","G?",""
"10227EC","","","","","","","","","","10227EC","","Модули питания","","","","","","","","","","TU","","Type","","","","*","G?",""
"1303ЕН","","","","","","","","","","Линейный стабилизатор напряжения","1303ЕНхх АЕЯР.431420.638 ТУ","Микросхемы","ЭлТом","","","","","","","","","АЕЯР.431420.638 ТУ","","1303ЕНхх","","","","*","DA?",""
"1309ЕН","","","","","","","","","","1309ЕН","","Group","","","","","","","","","","TU","","Type","","","","*","U?",""
"140УД20А","201.14-10","","","","","","","","","140УД20А","","Микросхемы","","","","","","","","","","TU","","Type","","","","*","DA?",""
"1526КП1ЭП","402.16-23.01","","","","","","","","","Двойной 4 канальный мультиплексор","","Микросхемы","","","","","","","500","","","АЕЯР.431200.126-03ТУ","","1526КП1ЭП","","","","*","DD?",""
"1533ТЛ2","","","","","","","","","","1533ТЛ2","","Микросхемы","","","","","","","","","","TU","","Type","","","","*","DD?",""
"1554АП6","4153.20-6","","","","","","","","","1554АП6","","Микросхемы","","","","","","","","","","TU","","Type","","","","*","DD?",""
"1554КП16","","","","","","","","","","1554КП16","","Микросхемы","","","","","","","","","","TU","","Type","","","","*","DD?",""
"1554ЛА3","","","","","","","","","","1554ЛА3","","Микросхемы","","","","","","","","","","TU","","Type","","","","*","DD?",""
"1554ЛИ9","","","","","","","","","","1554ЛИ9","","Микросхемы","","","","","","","","","","TU","","Type","","","","*","DD?",""
"1554ТЛ2","DIP14-RUS","","","","","","","","","1554ТЛ2","","Микросхемы","","","","","","","","","","TU","","Type","","","","*","DD?",""
"1564ТЛ2Т ЭП","401.14-5","","","","","","","","","6 инвертирующих триггеров Шмидта","","Микросхемы","","","","","","","500","","","АЕНВ.431160.077 ТУ","","1564ТЛ2Т ЭП","","","","*","DD?",""
"1986BE92","","","","","","","","","","1986BE92","","Микросхемы","","","","","","","","","","TU","","Type","","","","*","DD?",""
"1986ВЕ4У","","","","","","","","","","1986ВЕ4У","","Микросхемы",""Миландр"","","","","","","5000","","","АЕЯР.431280.912ТУ","","1986ВЕ4У","","","","*","DD?","Микроконтроллер ARM CortexM3"
"1986ВЕ91Т","4229.132-3","","","","","","","","","1986ВЕ91Т","","Микросхемы","","","","","","","","","","TU","","Type","","","","*","DD?",""
"2011ВВ024","","","","","","","","","","2011ВВ024","","Микросхемы","","","","","","","1000","","","","","2011ВВ024","","","","*","DD?","Гальванически изолированный приемопередатчик RS485"
"249KP5R","2101.8-7","","","","","","","","","249KP5R","","Микросхемы","","","","","","","","","","TU","","Type","","","","*","DA?",""
"249КП1","","","","","","","","","","249КП1","249КП1А 1Х3.438.000ТУ","Микросхемы","","","","","","","","","","1Х3.438.000ТУ","","249КП1А","","","","*","DA?",""
"249КП19Т","","","","","","","","","","Четырехканальное твердотельное реле 30В, 200мА","","Микросхемы","Протон","","","","","","1000","","","АЕНВ.431160.077 ТУ","","249КП19Т","","","","*","DA?",""
"249КП23Т","","","","","","","","","","Твердотельное реле 90В, 10А","","Микросхемы","ОАО "Протон"","","","","","","5000","","","АЕНВ.431160.047 ТУ","","249КП23Т","","","","*","DA?",""
"249КП5Р","2101.8-7","","","","","","","","","249КП5Р","249КП5Р АЕЯР.431160.499 ТУ","Микросхемы","Протон","","","","","","","","","АЕЯР.431160.499 ТУ","","249КП5Р","","","","*","DA?","Твердотельное реле 60В 1А"
"249КП8У","5140.8-АН3","","","","","","","","","249КП8У","","Микросхемы","","","","","","","","","","TU","","Type","","","","*","DA?",""
"249ЛП8Т","402.16-23.01","","","","","","","","","249ЛП8Т","","Микросхемы","","","","","","","","","","TU","","Type","","","","*","DD?",""
"2C191","","","","","","","","","","2C191","","Диоды","","","","","","","","","","TU","","Type","","","","*","VD?",""
"2D510","","","","","","","","","","2D510","","Диоды","","","","","","","","","","TU","","Type","","","","*","VD?",""
"2T215А9","2Т215А9","","","","","","","","","2T215А9","","Транзисторы","","","","","","","10","","","аА0.339.518 ТУ","","2Т215А9","","","","*","VT?","Транзистор npn"
"2T215Б9","2Т215А9","","","","","","","","","2T215Б9","","Транзисторы","","","","","","","10","","","аА0.339.518 ТУ","","2Т215Б9","","","","*","VT?","Транзистор npn"
"2T3117","2Т3117А","","","","","","","","","2T3117","","Транзисторы","","","","","","","","","","TU","","Type","","","","*","VT?",""
"2T313","","","","","","","","","","2T313","","Транзисторы","","","","","","","","","","TU","","Type","","","","*","VT?",""
"2Д2995B АЕЯР.432121.029ТУ","","","","","","","","","","2Д2995B АЕЯР.432121.029ТУ","","Диоды","","","","","","","","","","TU","","Type","","","","*","VD?",""
"2П7149А","TO220","","","","","","","","","2П7149А","","Транзисторы","","","","","","","","","","TU","","Type","","","","*","VT?",""
"2П7165А","TO220","","","","","","","","","2П7165А","","Транзисторы","","","","","","","","","","TU","","Type","","","","*","VT?",""
"3Л341Б","","","","","","","","","","3Л341Б","","Индикаторы единичные","","","","","","","","","","TU","","Type","","","","*","HL?",""
"5559ИН10АУ","","","","","","","","","","*","","Микросхемы",""Миландр"","","","","","","","","","АЕЯР.431230.645 ТУ","","5559ИН10АУ","","","","*","DD?",""
"5559ИН28У","","","","","","","","","","Приемопередатчик RS-485","","Микросхемы",""Миландр"","","","","","","","","","АЕЯР.431230.882ТУ","","5559ИН28У","","","","*","DD?",""
"5559ИН4","","","","","","","","","","5559ИН4","","Микросхемы","","","","","","","","","","TU","","Type","","","","*","DD?",""
"5559ИН4У","","","","","","","","","","5559ИН4У","","Микросхемы","","","","","","","","","","TU","","Type","","","","*","DD?",""
"555ЛИ1","2102.14-2","","","","","","","","","555ЛИ1","","Микросхемы","","","","","","","","","","TU","","Type","","","","*","DD?",""
"564КП1","402.16-23.01","","","","","","","","","564КП1","","Микросхемы","","","","","","","","","","TU","","Type","","","","*","DD?",""
"74AC14M","DIP14-RUS","","","","","","","","","","74AC14M","Микросхемы","STMicroelectronics","","","74AC14M","","","","","","TU","","74AC14M","","","","*","DD?","6 триггеров Шмидта SOP14"
"78L05","78LXX","","","","","","","","","78L05","","Микросхемы","","","","","","","","","","TU","","Type","","","","*","DA?",""
"79L05","79LXX","","","","","","","","","79L05","","Микросхемы","","","","","","","","","","TU","","Type","","","","*","DA?",""
"ACS712","","","","","","","","","","ACS712","","Микросхемы","","","","","","","","","","TU","","Type","","","","*","DD?",""
"AD5290","RM-10","","","","","","","","","AD5290","","Микросхемы","Analog Devices","","","","","","","","","TU","","Type","","","","*","DD?",""
"AD5320BRTZ","RT-6","","","","","","","","","AD5320BRTZ","","Микросхемы","Analog Devices","","","","","","","","","TU","","Type","","","","*","DD?",""
"AD7794/7795","AD7794BRU","","","","","","","","","AD7794/7795","","Микросхемы","Analog Devices","","","","","","","","","TU","","Type","","","","*","DD?",""
"AD7794/7795-1","AD7794BRU","","","","","","","","","AD7794/7795-1","","Микросхемы","Analog Devices","","","AD7794BRU","","","","","","TU","","Type","","","","*","DD?",""
"ADM232AAN","DIP16","","","","","","","","","ADM232AAN","","Микросхемы","Analog Devices","","","","","","","","","TU","","Type","","","","*","DD?",""
"ADM232AARN","","","","","","","","","","","","Микросхемы","Analog Devices","","","ADM232AARN","","","","","","","","Type","","","","*","DD?","Приемопередатчик RS232 SOIC-16 (R-16N)"
"ADM2483BRW","","","","","","","","","","ADM2483BRW","","Микросхемы","Analog Devices","","","","","","","","","TU","","Type","","","","*","DD?",""
"ADM2682E","","","","","","","","","","ADM2682E","ADM2682E","Микросхемы","Analog Devices","","","ADM2682E","","","","","","TU","","ADM2682E","","","","*","DD?",""
"ADM810","","","","","","","","","","ADM810","","Микросхемы","Analog Devices","","","","","","","","","TU","","Type","","","","*","DD?",""
"ADUM1400CRW","SOIC-RW16","","","","","","","","","ADUM1400CRW","","Микросхемы","Analog Devices","","","","","","","","","TU","","Type","","","","*","DD?",""
"ADUM1402CRW","","","","","","","","","","ADUM1402CRW","","Микросхемы","Analog Devices","","","","","","","","","TU","","Type","","","","*","DD?",""
"ADUM6000ARWZ","","","","","","","","","","ADUM6000ARWZ","","Микросхемы","Analog Devices","","","","","","","","","TU","","Type","","","","*","DD?",""
"ADUM6400","SOIC-RW16","","","","","","","","","ADUM6400","ADUM6400CRWZ","Микросхемы","Analog Devices","","","","","","500","","","TU","","ADUM6400CRWZ","","","","*","DD?","Микросхема гальванической изоляции с встроенным DC/DC 4 вых"
"ADUM6402","SOIC-RW16","","","","","","","","","ADUM6402","ADUM6402CRWZ","Микросхемы","Analog Devices","","","","","","500","","","TU","","ADUM6402CRWZ","","","","*","DD?","Микросхема гальванической изоляции с встроенным DC/DC 2вх+2вых"
"ARDUINO 2560 R3","","","","","","","","","","Arduino Mega 2560 R3","","*","Arduino","","","","","","","","","","","Arduino Mega 2560 R3","","","","*","A?",""
"ARDUINO 2560 R3_1","","","","","","","","","","Arduino Mega 2560 R3","","Модули радиоэлектронные","Arduino","","","","","","2000","","","","","Arduino Mega 2560 R3","","","","*","A?",""
"ARDUINO_MEGA2560_R3","","","","","","","","","","ARDUINO_MEGA2560_R3","","Group","","","","","","","","","","TU","","Type","","","","*","A?",""
"ATMEGA128","","","","","","","","","","ATMEGA128","","Микросхемы","","","","","","","","","","TU","","Type","","","","*","DD?",""
"ATMEGA128-AU","TQFP-64","","","","","","","","","ATMEGA128-AU","","Микросхемы","","","","","","","","","","TU","","Type","","","","*","DD?",""
"ATMEGA1284P-AU","","","","","","","","","","ATMEGA1284P-AU","","Микросхемы","","","","","","","","","","TU","","Type","","","","*","DD?",""
"ATMEGA1284P-PU","DIP40","","","","","","","","","ATMEGA1284P-PU","","Микросхемы","","","","","","","","","","TU","","Type","","","","*","DD?",""
"ATMEGA1284P-PU-1","DIP40","","","","","","","","","ATMEGA1284P-PU-1","","Микросхемы","","","","","","","","","","TU","","Type","","","","*","DD?",""
"ATMEGA16-16PU","DIP40","","","","","","","","","ATMEGA16-16PU","","Микросхемы","","","","","","","","","","TU","","Type","","","","*","DD?",""
"ATMEGA8-16PU","","","","","","","","","","ATMEGA8-16PU","","Микросхемы","","","","","","","","","","TU","","Type","","","","*","DD?",""
"ATTINY4313","","","","","","","","","","ATTINY4313","","Микросхемы","Atmel","","","","","","100","","","","","ATTINY4313-SU","","","","*","DD?","Микроконтроллер ARM CortexM3"
"B82477R4","B82477R4","","","","","","","","","B82477R4","","Group","","","","","","","","","","TU","","Type","","Value","","*","L?",""
"BCP5316","","","","","","","","","","BCP5316","","Транзисторы","","","","BCP5316","","","","","","TU","","Type","","","","*","VT?","Транзистор pnp so-t223 80V, 1A"
"BCP5616","","","","","","","","","","BCP5616","","Транзисторы","","","","BCP5616","","","","","","TU","","Type","","","","*","VT?","Транзистор npn sot-223, 80V, 1A"
"BH6-PROG","","","","","","","","","","BH6-PROG","Вилка BH-6","Соединители","","","","","","","10","","","","","BH-6","","","","*","XP?",""
"C","","","","","","","","","","C","","Конденсаторы","","","","","","Precision","","TKE","","TU","","Type","","Value","Volt","*","C?",""
"C0603","C0603","","","","","","","","","C0603","","Конденсаторы","","","","","","Precision","","TKE","","TU","","Type","","Value","Volt","*","C?",""
"C0805","C0805","","","","","","","","","C0805","","Конденсаторы","","","","","","Precision","","TKE","","TU","","Type","","Value","Volt","*","C?",""
"C2-23-0.25","C2-23-0.25","","","","","","","","","C2-23-0.25","","Резисторы","","","","","Power","Precision","","","","TU","","Type","","","","*","R?",""
"CP","","","","","","","","","","CP","","Конденсаторы","","","","","","Precision","","TKE","","TU","","Type","","Value","Volt","*","C?",""
"CP1206","C1206","","","","","","","","","CP1206","","Конденсаторы","","","","","","Precision","","TKE","","TU","","Type","","Value","Volt","*","C?",""
"CP1210","C1210","","","","","","","","","CP1210","","Конденсаторы","","","","","","Precision","","TKE","","TU","","Type","","Value","Volt","*","C?",""
"CP1812","","","","","","","","","","CP1812","","Group","","","","","","Precision","","TKE","","TU","","Type","","Value","Volt","*","C?",""
"CPPL7","","","","","","","","","","CPPL7","","Микросхемы","","","","","","","","","","TU","","Type","","","","*","DD?",""
"DRV8432","DKD","","","","","","","","","DRV8432","","Микросхемы","","","","","","","","","","TU","","Type","","","","*","DD?",""
"DRV8432DKDEVM","","","","","","","","","","DRV8432DKDEVM","","","Texas Instruments","","","","","","7000","","","","","Модуль силовой DRV8432DKDEVM","","","","*","A?","Модуль силовой"
"ECS-160-10-30B-CKM-TR","","","","","","","","","","","","Group","","","","ECS-160-10-30B-CKM-TR","","","","","","TU","","Type","","","","*","BQ?","Резонатор кварцевый, 16М"
"EPC2032","","","","","","","","","","EPC2032","","Транзисторы","","","","EPC2032","","","","","","TU","","Type","","","","*","VT?","100V, 4мОм, 48А"
"EPC2037","","","","","","","","","","7","","Транзисторы","","","","EPC2037","","","","","","TU","","Type","","","","*","VT?","100V, 550мОм, 1,7А"
"EPM3064A-TQFP44","","","","","","","","","","EPM3064A-TQFP44","","Микросхемы","","","","","","","","","","TU","","Type","","","","*","DD?",""
"EPM7128S-TC100","","","","","","","","","","EPM7128S-TC100","","Микросхемы","","","","","","","","","","TU","","Type","","","","*","DD?",""
"ERJ14YJ100","","","","","","","","","","","","Резисторы","Panasonic","","","Резистор 1210, 0,5Вт, 10Ом±5% ERJ14YJ100","0,5","±5%","","","","TU","","Type","","10","","*","R?","Резистор Panasonic 1210 5% 10Ом"
"ERJ1TNF75R0","","","","","","","","","","","","Резисторы","Panasonic","","","Резистор 2512, 1Вт, 75Ом±1% ERJ1TNF75R0","1W","±1%","","","","TU","","Type","","75","","*","R?","Резистор Panasonic 2512 1Вт 1% 75Ом"
"ERJ3GEYJ331","","","","","","","","","","","","Резисторы","Panasonic","","","ERJ3GEYJ331","0,125","±5%","","","","TU","","Type","","330","","*","R?","Резистор Panasonic 0603 5% 330Ом"
"ERJ6ENF56R0","","","","","","","","","","","","Резисторы","Panasonic","","","Резистор 0805, 0,125Вт, 56Ом±1% ERJ6ENF56R0","0,125","±1%","","","","TU","","Type","","56","","*","R?","Резистор Panasonic 0805 1% 56Ом"
"ERJ6GEYJ100","","","","","","","","","","","","Резисторы","Panasonic","","","Резистор 0805, 0,125Вт, 10Ом±5% ERJ6GEYJ100","0,125","±5%","","","","TU","","Type","","10","","*","R?","Резистор Panasonic 0805 5% 10Ом"
"ERJ6GEYJ101","","","","","","","","","","","","Резисторы","Panasonic","","","Резистор 0805, 0,125Вт, 100Ом±5% ERJ6GEYJ101","0,125","±5%","","","","TU","","Type","","100","","*","R?","Резистор Panasonic 0805 5% 100Ом"
"ERJ6GEYJ102","","","","","","","","","","","","Резисторы","Panasonic","","","Резистор 0805, 0,125Вт, 1кОм±5% ERJ6GEYJ102","0,125","±5%","","","","TU","","Type","","1k","","*","R?","Резистор Panasonic 0805 5% 1к "
"ERJ6GEYJ104","","","","","","","","","","","","Резисторы","Panasonic","","","Резистор 0805, 0,125Вт, 100кОм±5% ERJ6GEYJ104","0,125","±5%","","","","TU","","Type","","100k","","*","R?","Резистор Panasonic 0805 5% 100к"
"ERJ6GEYJ121","","","","","","","","","","","","Резисторы","Panasonic","","","Резистор 0805, 0,125Вт, 120Ом±5% ERJ6GEYJ121","0,125","±5%","","","","TU","","Type","","120","","*","R?","Резистор Panasonic 0805 5% 120Ом"
"ERJ6GEYJ201","","","","","","","","","","","","Резисторы","Panasonic","","","Резистор 0805, 0,125Вт, 20Ом±5% ERJ6GEYJ201","0,125","±5%","","","","TU","","Type","","200","","*","R?","Резистор Panasonic 0805 5% 200Ом"
"ERJ6GEYJ331","","","","","","","","","","","","Резисторы","Panasonic","","","Резистор 0805, 0,125Вт, 330Ом±5% ERJ6GEYJ331","0,125","±5%","","","","TU","","Type","","330","","*","R?","Резистор Panasonic 0805 5% 330Ом"
"ERJ6GEYJ750","","","","","","","","","","","","Резисторы","Panasonic","","","Резистор 0805, 0,125Вт, 75Ом±5% ERJ6GEYJ750","0,125","±5%","","","","TU","","Type","","75","","*","R?","Резистор Panasonic 0805 5% 75Ом"
"ERJ6RBD1500","","","","","","","","","","","","Резисторы","Panasonic","","","Резистор 0805, 0,1Вт, 150Ом±0,5% ERJ6RBD1500","0,1","±0,5%","","","","TU","","Type","","150","","*","R?","Резистор прец Panasonic 0805 0.5% 150Ом"
"EVAL-ADuCM360","","","","","","","","","","EVAL-ADuCM360","","Модули радиоэлектронные","Analog Devices","","","","","","10000","","","","","EVAL-ADuCM360","","","","*","A?",""
"EVAL-ADuCM360MKZ","","","","","","","","","","EVAL-ADuCM360MKZ","","","Analog Devices","","","","","","10000","","","","","Модуль процессорный EVAL-ADuCM360MKZ","","","","*","A?","Модуль процессорный"
"FT232RL","TSSOP28_W7.8","","","","","","","","","FT232RL","","Микросхемы","","","","","","","","","","TU","","Type","","","","*","DD?",""
"FUSE","","","","","","","","","","FUSE","","Group","","","","","","","","","","TU","","Type","","","","*","F?",""
"GEN","","","","","","","","","","ГК-CPPL-C7","ГК-CPPL-C7-A7BR-1.0M-PD ПГКФ.433526.025 ТУ","Микросхемы","","","","","","","250","","","ПГКФ.433526.025 ТУ","","ГК-CPPL-C7-A7BR-1.0M-PD","","","","*","DD?",""
"GND","","","","","","","","","","GND","","Group","","","","","","","","","","TU","","Type","","","","*","PWR?",""
"GRM1882C1H220JA01","C0805","","","","","","","","","","","Конденсаторы","Murata","","","Конденсатор 0603, 50В, 22пФ±5%,  CH, GRM1882C1H220JA01","","±5%","","CH 0±60ppm/°C","","TU","","Type","","22pF","50","*","C?","Керамический конденсатор термокомпенс. Murata 0603, ±5%, 50В, CH"
"GRM1885C1H100J","","","","","","","","","","GRM1885C1H100J","","Конденсаторы","","","","GRM1885C1H100J","","±5%","","TKE","","TU","","Type","","10pF","50","*","C?","0603/10p/50V/±5%"
"GRM1885C1H5R0CZ01D","","","","","","","","","","GRM1885C1H5R0CZ01D","","Конденсаторы","Murata","","","GRM1885C1H5R0CZ01D","","","","TKE","","TU","","Type","","5p","50","*","C?","0603/5p/50V/C0G"
"GRM1885C1H8R0DZ01D","","","","","","","","","","GRM1885C1H5R0CZ01D","","Конденсаторы","Murata","","","GRM1885C1H8R0DZ01D","","","","TKE","","TU","","Type","","8pF","50","*","C?","0603/8p/50V/C0G"
"GRM1885C2A220JA01","C0805","","","","","","","","","","","Конденсаторы","Murata","","","Конденсатор 0603, 100В, 22пФ±5%, C0G, GRM1885C2A220JA01","","±5%","","C0G 0±30ppm/°C","","TU","","Type","","22pF","100","*","C?","Керамический конденсатор термокомпенс. Murata 0603, ±5%, 100В, C0G"
"GRM188R60J106M","C0805","","","","","","","","","","","Конденсаторы","Murata","","","GRM188R60J106M","","±20%","","","","TU","","Type","","10uF","6.3","*","C?","Керамический конденсатор Murata 0603, 10uF±10%, 6.3В"
"GRM188R61E475KE11","","","","","","","","","","GRM188R61E475KE11","","Конденсаторы","","","","GRM188R71H104K","","±10%","","X5R","","TU","","Type","","4.7","2.5","*","C?","0603/4.7u/25V/±10%/X5R"
"GRM188R71H103K","C0805","","","","","","","","","","","Конденсаторы","Murata","","","GRM188R71H103K","","±10%","","","","TU","","Type","","0,01","50В","*","C?","Керамический конденсатор Murata 0603, 0,01±10%, 6.3В"
"GRM188R71H104K","","","","","","","","","","GRM188R71H104K","","Конденсаторы","","","","GRM188R71H104K","","±10%","","TKE","","TU","","Type","","0,1","50","*","C?","0603/0.1u/50V/±10%"
"GRM219R71H103KA01","C0805","","","","","","","","","","","Конденсаторы","Murata","","","Конденсатор 0805, 50В, 0,01мкФ±10%, X7R GRM219R71H103KA01","","±10%","","X7R","","TU","","Type","","0,01","50","*","C?","Керамический конденсатор Murata 0805, ±10%, 50В, X7R"
"GRM219R72A103KA01","C0805","","","","","","","","","","","Конденсаторы","Murata","","","Конденсатор 0805, 100В, 0,01мкФ±10%, X7R GRM219R72A103KA01","","±10%","","X7R","","TU","","Type","","0,01","100","*","C?","Керамический конденсатор Murata 0805, ±10%, 100В, X7R"
"GRM21BR70J106KE76","C0805","","","","","","","","","","","Конденсаторы","Murata","","","Конденсатор 0805, 6,3В, 10мкФ±10%, X7R GRM21BR70J106KE76","","±10%","","X7R","","TU","","Type","","10uF","6.3","*","C?","Керамический конденсатор Murata 0805, ±10%, 6.3В, X7R"
"GRM21BR71H104KA01","C0805","","","","","","","","","","","Конденсаторы","Murata","","","Конденсатор 0805, 50В, 0,1мкФ±10%, X7R GRM21BR71H104KA01","","±10%","","X7R","","TU","","Type","","0,1","50","*","C?","Керамический конденсатор Murata 0805, ±10%, 50В, X7R"
"GRM21BR71H105K","C0805","","","","","","","","","","","Конденсаторы","Murata","","","Конденсатор 0805, 50В, 1мкФ±10%, X7R GRM21BR71H105K","","±10%","","X7R","","TU","","Type","","1uF","50","*","C?","Керамический конденсатор Murata 0805, 1мкФ ±10%, 50В, X7R"
"GRM21BR71H474KA88","C0805","","","","","","","","","","","Конденсаторы","Murata","","","Конденсатор 0805, 50В, 0,47мкФ±10%, X7R GRM21BR71H474KA88","","±10%","","X7R","","TU","","Type","","0,47","50","*","C?","Керамический конденсатор Murata 0805, ±10%, 50В, X7R"
"GRM31CR60J107ME39","C0805","","","","","","","","","","","Конденсаторы","Murata","","","Конденсатор 0805, 6.3В, 100мкФ±20%, X5R GRM31CR60J107ME39","","±20%","","X5R","","TU","","Type","","100uF","6.3","*","C?","Керамический конденсатор Murata 0805, ±20%, 6.3В, X5R"
"GRM31CR71E106K","C0805","","","","","","","","","","","Конденсаторы","Murata","","","GRM31CR71E106K","","±10%","","","","TU","","Type","","10uF","25","*","C?","Керамический конденсатор Murata 1206, 10мкФ±10%, 25В"
"GRM32ER61C476K","C0805","","","","","","","","","","","Конденсаторы","Murata","","","GRM32ER61C476K","","±10%","","","","TU","","Type","","47uF","16","*","C?","Керамический конденсатор Murata 1210, 47мкФ±10%, 16В"
"HC-49S","HC-49S","","","","","","","","","HC-49S","","Резонаторы кварцевые","","","","","","","","","","TU","","Type","","Value","","*","ZQ?",""
"HCPL-090J","","","","","","","","","","HCPL-090J","","Микросхемы","","","","","","","","","","TU","","Type","","","","*","DD?",""
"HI-1573","","","","","","","","","","","","Микросхемы","Holt","","","HI-1573","","","","","","","","HI-1573","","","","*","DD?","Приемопередатчик MIL-STD-1553B с принуд уст. выходов в 0"
"HIH3602","","","","","","","","","","HIH3602","HIH3602C","Микросхемы","Honeywell","","","","","","1000","","","","","HIH3602C","","","","*","DA?","Датчик влажности"
"HIH4000","","","","","","","","","","HIH4000","","Микросхемы","","","","","","","","","","TU","","Type","","","","*","DA?",""
"HIH4000-1","","","","","","","","","","HIH4000-1","","Микросхемы","","","","","","","","","","TU","","Type","","","","*","DA?",""
"INA293B2IDBVR","TSSOP28_W7.8","","","","","","","","","INA293","","Микросхемы","","","","INA293B2IDBVR","","","","","","TU","","Type","","","","*","DD?","–4-V to 110-V, 1.3-MHz, Ultra-Precise Current Sense Amplifier"
"IPS021L","","","","","","","","","","IPS021L","","Микросхемы","","","","","","","","","","TU","","Type","","","","*","DD?",""
"IRLIZ44G","","","","","","","","","","IRLIZ44G","","Group","","","","","","","","","","TU","","Type","","","","*","U?",""
"IRS-202-3C3","IRS-202-3C3","","","","","","","","","*","","Group","","","","","","","","","","TU","","Type","","","","*","?",""
"K53-67-3","","","","","","","","","","K53-67-3","","Конденсаторы","","","","","","Precision","","TKE","","TU","","Type","","Value","Volt","*","C?",""
"KP-2012SEC","","","","","","","","","","*","","Индикаторы единичные","Kingbright","KP-2012SEC","","KP-2012SEC","","","","","","","","KP-2012SEC","","","","*","HL?","Светодиод красный 0805 200мКд"
"KPC-3216","","","","","","","","","","KPC-3216","","Индикаторы единичные","","","","","","","","","","TU","","Type","","","","*","HL?",""
"L","","","","","","","","","","L","","Group","","","","","","","","","","TU","","Type","","Value","","*","L?",""
"L D12MM","L D12MM","","","","","","","","","L D12MM","","Group","","","","","","","","","","TU","","Type","","Value","","*","L?",""
"L1210","L1210","","","","","","","","","L1210","","Group","","","","","","","","","","TU","","Type","","Value","","*","L?",""
"L6206D","L6206D","","","","","","","","","L6206D","","Микросхемы","","","","","","","","","","TU","","Type","","","","*","DD?",""
"L6206D-1","L6206D","","","","","","","","","L6206D-1","","Микросхемы","","","","","","","","","","TU","","Type","","","","*","DD?",""
"L6206PD","","","","","","","","","","L6206PD","","Микросхемы","","","","","","","","","","TU","","Type","","","","*","DD?",""
"LD1084V","","","","","","","","","","LD1084V","","Микросхемы","","","","","","","","","","TU","","Type","","","","*","DA?",""
"LDM-EPC3C25-E144","","","","","","","","","","LDM-EPC3C25-E144","","Модули радиоэлектронные","LDM-SYSTEMS","","","","","","","","","","","LDM-EPC3C25-E144","","","","*","A?",""
"LED","","","","","","","","","","*","","","","*","","*","","","","","","","","","","","","*","HL?",""
"LED0805","0805","","","","","","","","","*","","Индикаторы единичные","","","","","","","","","","TU","","Type","","","","*","HL?",""
"LED_1","","","","","","","","","","*","","","","*","","*","","","","","","","","","","","","*","VD?",""
"LM2678","LM2679T","","","","","","","","","LM2678","","Микросхемы","","","","","","","","","","TU","","Type","","","","*","DA?",""
"LM2679","LM2679T","","","","","","","","","LM2679","","Микросхемы","","","","","","","","","","TU","","Type","","","","*","DA?",""
"LMG1020","TSSOP28_W7.8","","","","","","","","","LMG1020","","Микросхемы","","","","LMG1020","","","","","","TU","","Type","","","","*","DD?","5-V, 7-A, 5-A Low-Side GaN and MOSFET Driver For 1-ns Pulse Width Applications"
"LMG1210RVR","TSSOP28_W7.8","","","","","","","","","LMG1210RVR","","Микросхемы","","","","LMG1210RVR","","","","","","TU","","Type","","","","*","DD?","LMG1210 200-V, 1.5-A, 3-A half-bridge MOSFET and GaN FET driver with Adjustable dead time for applications up to 50 MHz"
"M4","M4","","","","","","","","","*","","Group","","","","","","","","","","TU","","Type","","","","*","?",""
"MAA600-1","","","","","","","","","","MAA600-1","","Модули питания","","","","","","","","","","TU","","Type","","","","*","G?",""
"MAX3207E","","","","","","","","","","","","Микросхемы","Maxim","","","MAX3207E","","","","","","TU","","MAX3207E","","","","*","DD?","Микросхема защиты от ESD 2 канала"
"MAX3222EWN","","","","","","","","","","","MAX3222EWN","Микросхемы","Maxim","","","MAX3222EWN","","","","","","TU","","Type","","","","*","DD?","Приемопередатчик RS232 с питанием от 3В"
"MIC39100-3,3WS-TR","RM-10","","","","","","","","","","","Микросхемы","Micrel","","","MIC39100-3,3WS-TR","","","","","","TU","","Type","","","","*","DA?","Линейный стабилизатор 3,3В/1А SOT223"
"MMUSB232","MMUSB232","","","","","","","","","MMUSB232","","Микросхемы","","","","","","","","","","TU","","Type","","","","*","DD?",""
"MMUSB232RL","","","","","","","","","","MMUSB232RL","","Микросхемы","","","","","","","","","","TU","","Type","","","","*","DD?",""
"MMWIZNET5300","","","","","","","","","","MMWIZNET5300","","Group","","","","","","","","","","TU","","Type","","","","*","U?",""
"MMWIZNET5300-1","MMWIZNET5300","","","","","","","","","MMWIZNET5300-1","","Микросхемы","","","","","","","","","","TU","","Type","","","","*","DD?",""
"MOSFET-N","","","","","","","","","","MOSFET-N","","Транзисторы","","","","","","","","","","TU","","Type","","","","*","VT?",""
"MOSFET-P","","","","","","","","","","MOSFET-P","","Транзисторы","","","","","","","","","","TU","","Type","","","","*","VT?",""
"MPXA4115A6U","","","","","","","","","","MPXA4115A6U","","Микросхемы","","","","","","","","","","TU","","Type","","","","*","DA?",""
"NFM18PS105R0J3","","","","","","","","","","","","Конденсаторы","Murata","","","Конденсатор трехвыводный 0603, 6,3В, 1мкф±20% NFM18PS105R0J3","","±20%","","","","TU","","Type","","1uF","6,3В","*","C?","Керамический трехвыводный конденсатор Murata 0603, 6,3В 1мкф±20%"
"NPA-300-N-030-A","","","","","","","","","","Приемопередатчик RS-485","","Микросхемы","General Electric","","","NPA-300-N-030-A","","","","","","","","NPA-300-N-030-A","","","","*","DA?","Датчик давления 200 кПа, 3,3В, аналог. выход"
"NPN","","","","","","","","","","NPN","","Транзисторы","","","","","","","","","","TU","","Type","","","","*","VT?",""
"OPA244","TSSOP28_W7.8","","","","","","","","","OPA244","","Микросхемы","Burr-Brown","","","OPA244","","","","","","TU","","Type","","","","*","DA?","Операционный усилитель SOT-23-5, +2,2...+36V (+-1.1...+-18V)"
"PB181S","","","","","","","","","","ОПТРОН","PB181S","Group","Протон","","","PB181S","","","","","","TU","","Type","","","","*","DA?","Транзисторнвя оптопара SOP4, 60В, 50мА, 3мкс"
"PM-DB2725EX","","","","","","","","","","","","Трансформаторы","Premier Magnetics","","","Трансформатор изолирующий PM-DB2725EX","","","","","","TU","","PM-DB2725EX","","","","*","T?","Трансформатор изолирующий MIL-STD1553B"
"PNP","","","","","","","","","","PNP","","Транзисторы","","","","","","","","","","TU","","Type","","","","*","VT?",""
"PRAB37S","","","","","","","","","","PVN012S","PRAB37S","Микросхемы","Протон","","","PRAB37S","","","","","","TU","","PRAB37S","","","","*","DA?","Реле твердотельное 60В, 350мА, SO4"
"PVN012","PVN012","","","","","","","","","PVN012","","Микросхемы","","","","","","","","","","TU","","Type","","","","*","DA?",""
"PVN012S","PVN012S","","","","","","","","","PVN012S","","Микросхемы","","","","","","","","","","TU","","Type","","","","*","DA?",""
"PVY016","","","","","","","","","","PVN012S","PVY016","Микросхемы","International Rectifier","","","PVY016","","","","","","TU","","PVY016","","","","*","DA?","Реле твердотельное 40В, 300мА, SO4"
"PWR1+","","","","","","","","","","PWR1+","","Group","","","","","","","","","","TU","","Type","","","","*","PWR?",""
"PWR1-","","","","","","","","","","PWR1-","","Group","","","","","","","","","","TU","","Type","","","","*","PWR?",""
"PWR2","","","","","","","","","","PWR2","","Group","","","","","","","","","","TU","","Type","","","","*","U?",""
"PWR2+","","","","","","","","","","PWR2+","","Group","","","","","","","","","","TU","","Type","","","","*","PWR?",""
"PWR2-","","","","","","","","","","PWR2-","","Group","","","","","","","","","","TU","","Type","","","","*","PWR?",""
"PWR3+","","","","","","","","","","PWR3+","","Group","","","","","","","","","","TU","","Type","","","","*","PWR?",""
"PWR3-","","","","","","","","","","PWR3-","","Group","","","","","","","","","","TU","","Type","","","","*","PWR?",""
"PWR4+","","","","","","","","","","PWR4+","","Group","","","","","","","","","","TU","","Type","","","","*","PWR?",""
"PWR4-","","","","","","","","","","PWR4-","","Group","","","","","","","","","","TU","","Type","","","","*","PWR?",""
"PWR5","","","","","","","","","","PWR5","","Group","","","","","","","","","","TU","","Type","","","","*","PWR?",""
"PWR5+","","","","","","","","","","PWR5+","","Group","","","","","","","","","","TU","","Type","","","","*","PWR?",""
"PWR5-","","","","","","","","","","PWR5-","","Group","","","","","","","","","","TU","","Type","","","","*","PWR?",""
"PWR5V","","","","","","","","","","PWR5V","","Group","","","","","","","","","","TU","","Type","","","","*","PWR?",""
"PWR6+","","","","","","","","","","PWR6+","","Group","","","","","","","","","","TU","","Type","","","","*","PWR?",""
"PWR6-","","","","","","","","","","PWR6-","","Group","","","","","","","","","","TU","","Type","","","","*","PWR?",""
"PWR7+","","","","","","","","","","PWR7+","","Group","","","","","","","","","","TU","","Type","","","","*","PWR?",""
"PWR7-","","","","","","","","","","PWR7-","","Group","","","","","","","","","","TU","","Type","","","","*","PWR?",""
"R","","","","","","","","","","R","","Резисторы","","","","","Power","Precision","","","","TU","","Type","","Value","","*","R?",""
"R0603","","","","","","","","","","","","Резисторы","","","","R0603","","","","","","TU","","Type","","","","*","R?","Резистор 0603 "
"R0805","0805","","","","","","","","","R0805","","Резисторы","","","","","Power","Precision","","","","TU","","Type","","","","*","R?",""
"RK","","","","","","","","","","RK","","Терморезисторы","","","","","","","Price","","","TU","","Type","","Value","","*","RK?","Терморезистор с положительным ТКЕ"
"RK_1","","","","","","","","","","","","Терморезисторы","","","","","","","Price","","","TU","","Type","","Value","","*","RK?","Терморезистор с отрицательным ТКЕ"
"RL0603FR-0710KL","","","","","","","","","","","","Резисторы","","","","RL0603FR-0710KL","0,1","±1%","","","","TU","","Type","","10k","","*","R?","Резистор Yageo 0603 1% 10к"
"RL0603FR-07120RL","","","","","","","","","","","","Резисторы","","","","RL0603FR-07120RL","0,1","±1%","","","","TU","","Type","","120","","*","R?","Резистор Yageo 0603 1% 120"
"RL0603FR-071KL","","","","","","","","","","","","Резисторы","","","","RL0603FR-071KL","0,1","±1%","","","","TU","","Type","","1k","","*","R?","Резистор Yageo 0603 1% 1к"
"RL0603FR-07300RL","","","","","","","","","","","","Резисторы","","","","RL0603FR-07300RL","0,1","±1%","","","","TU","","Type","","300","","*","R?","Резистор Yageo 0603 1% 300"
"RR","","","","","","","","","","RR","","Резисторы переменные","","","","","Power","Precicion","","","","TU","","Type","","Value","","*","RR?",""
"RR1","","","","","","","","","","RR1","","Резисторы переменные","","","","","Power","Precicion","","","","TU","","Type","","Value","","*","RR?",""
"RU","","","","","","","","","","RU","","Group","","","","","","","","","","TU","","Type","","","","*","RU?",""
"SA","","","","","","","","","","SA","","Group","","","","","","","","","","TU","ОЮ0.360.028 ТУ","Type","","","","*","SA?",""
"SA1","","","","","","","","","","SA1","","Group","","","","","","","","","","TU","","Type","","","","*","SA?",""
"SA2","","","","","","","","","","SA2","","Group","","","","","","","","","","TU","","Type","","","","*","SA?",""
"SA3","","","","","","","","","","SA3","","Group","","","","","","","","","","TU","","Type","","","","*","SA?",""
"SA4","","","","","","","","","","Кнопка","","Кнопки","","","","","","","","","","TU","","Type","","","","*","SA?",""
"SMA-24L-P10","SMA24-10","","","","","","","","","SMA-24L-P10","","Group","","","","","","","","","","TU","","Type","","","","*","HA?",""
"SN74LVC1G08DBVR","","","","","","","","","","","","Микросхемы","TI","","","SN74LVC1G08DBVR","","","","","","TU","","Type","","","","*","DD?","Единичный элемент И, SOT23"
"SR360","SR360","","","","","","","","","SR360","","Диоды","","","","","","","","","","TU","","Type","","","","*","VD?",""
"STM32G474QET3","4229.132-3","","","","","","","","","STM32G474QET3","STM32G474QET3","Микросхемы","STM","","","STM32G474QET3","","","","","","TU","","Type","","","","*","DD?",""
"STM32G474RET3","4229.132-3","","","","","","","","","STM32G474RET3","STM32G474RET3","Микросхемы","STM","","","STM32G474RET3","","","","","","TU","","Type","","","","*","DD?","LQFP64"
"TB127-1,0-2,0-HT200-C-L3-S","","","","","","","","","","=NameComp","","","","TB127-1,0-2,0-HT200-C-L3-S","","TB127-1,0-2,0-HT200-C-L3-S ТУ6349-001-79789858-2007","","","","","","","","","Модули термоэлектрические","","","*","B?","Термоэлектрический модуль"
"TB241-0,5-1,5-HT200-C-L3-S","","","","","","","","","","=NameComp","","","","TB241-0,5-1,5-HT200-C-L3-S","","TB241-0,5-1,5-HT200-C-L3-S ТУ6349-001-79789858-2007","","","","","","","","","Модули термоэлектрические","","","*","B?","Термоэлектрический модуль"
"TB241-0,7-1,5-HT200-C-L3-S","","","","","","","","","","=NameComp","","","","TB241-0,7-1,5-HT200-C-L3-S","","TB241-0,7-1,5-HT200-C-L3-S ТУ6349-001-79789858-2007","","","","","","","","","Модули термоэлектрические","","","*","B?","Термоэлектрический модуль"
"TEN30WIN","","","","","","","","","","DC/DC преобразователь","","Модули питания","Traco Power","","","","","","2000","","","","","TEN30WIN","","","","*","G?","DC/DC преобразователь"
"TEN8WIN","","","","","","","","","","DC/DC преобразователь","TEN8WIN","Модули питания","Traco Power","","","","","","2000","","","","","TEN8WIN","","","","*","G?","DC/DC преобразователь"
"TSRN1-SM","","","","","","","","","","TSRN1-SM","TSRN1-SM","Источники питания","Traco Power","","","","","","","","","TU","","TSRN1-SM","","","","*","G?",""
"VD","","","","","","","","","","VD","","Диоды","","","","","","","","","","TU","","Type","","","","*","VD?",""
"VD ШОТТКИ","","","","","","","","","","VD ШОТТКИ","","Диоды","","","","","","","","","","TU","","Type","","","","*","VD?",""
"VD1","","","","","","","","","","VD1","","Диоды","","","","","","","","","","TU","","Type","","","","*","VD?",""
"АЛ307","АЛ307","","","","","","","","","АЛ307","","Индикаторы единичные","","","","","","","","","","TU","","Type","","","","*","HL?",""
"АОТ127","2101.6-1","","","","","","","","","АОТ127","","Микросхемы","","","","","","","","","","TU","","Type","","","","*","DA?",""
"БУАОМ-4","","","","","","","","","","БУАОМ-4","","Group","","","","","","","","","","ЯНТИ.431167.004 ТУ","","БУАОМ-4","","","","*","A?",""
"ВЕНТ","","","","","","","","","","ВЕНТ","","Group","","","","","","","","","","TU","","Type","","","","*","M?",""
"К10-17","К10-17","","","","","","","","","К10-17","","Конденсаторы","","","","","","Precision","","TKE","","TU","","Type","","Value","Volt","*","C?",""
"К10-79","","","","","","","","","","К10-79","К10-79-10В-0,1-Н90 АЖЯР.673511.004ТУ","Конденсаторы","","","","","","Precision","1","-Н90","","АЖЯР.673511.004ТУ","","К10-79","","0,1","10В","*","C?",""
"К10-79-100В-22ПФ-МП0","К10-79-1.6X0.8","","","","","","","","","К10-79-100В-22ПФ-МП0","","Конденсаторы","","","","","","Precision","","TKE","","TU","","Type","","Value","Volt","*","C?",""
"К10-79-10В-0,1МКФ-Н90","К10-79-1,6х0,8","","","","","","","","","К10-79-10В-0,1МКФ-Н90","","Конденсаторы","","","","","","Precision","1","-Н90","","АЖЯР.673511.004ТУ","","К10-79","","0,1","10В","*","C?",""
"К10-79-250В-2200ПФ-Н30","К10-79-3,2Х1,6","","","","","","","","","К10-79-250В-2200ПФ-Н30","","Конденсаторы","","","","","","Precision","","TKE","","TU","","Type","","Value","Volt","*","C?",""
"К10-79-50В-0,1МКФ-Н90","К10-79-3,2Х1,6","","","","","","","","","К10-79-50В-0,1МКФ-Н90","","Конденсаторы","","","","","","Precision","","TKE","","TU","","Type","","Value","Volt","*","C?",""
"К10-79-50В-0,47МКФ-Н90","К10-79-4.5X3.2","","","","","","","","","К10-79-50В-0,47МКФ-Н90","","Конденсаторы","","","","","","Precision","","TKE","","TU","","Type","","Value","Volt","*","C?",""
"К10-79-50В-1,0МКФ-Н90","К10-79-5.7X5.0","","","","","","","","","К10-79-50В-1,0МКФ-Н90","","Конденсаторы","","","","","","Precision","","TKE","","TU","","Type","","Value","Volt","*","C?",""
"К1401УД2А","201.14-10","","","","","","","","","К1401УД2А","","Микросхемы","","","","","","","","","","TU","","Type","","","","*","DA?",""
"К140УД8А","","","","","","","","","","Операционный усилитель","К140УД8А","Микросхемы","","","","","","","","","","","","К140УД8А","","","","*","DA?",""
"К50-35","К50-35","","","","","","","","","К50-35","","Конденсаторы","","","","","","Precision","","TKE","","TU","","Type","","Value","Volt","*","C?",""
"К50-35 D10MM","К50-35 D10MM","","","","","","","","","К50-35 D10MM","","Конденсаторы","","","","","","Precision","","TKE","","TU","","Type","","Value","Volt","*","C?",""
"К50-35 D12MM","К50-35 D12MM","","","","","","","","","К50-35 D12MM","","Конденсаторы","","","","","","Precision","","TKE","","TU","","Type","","Value","Volt","*","C?",""
"К50-35 D5MM","К50-35 D5MM","","","","","","","","","К50-35 D5MM","","Конденсаторы","","","","","","Precision","","TKE","","TU","","Type","","Value","Volt","*","C?",""
"К50-35 D8MM","К50-35 D8MM","","","","","","","","","К50-35 D8MM","","Конденсаторы","","","","","","Precision","","TKE","","TU","","Type","","Value","Volt","*","C?",""
"К52-1БМ","","","","","","","","","","К52-1БМ","","Конденсаторы","","","","","","Precision","","TKE","","TU","","Type","","Value","Volt","*","C?",""
"К53-67-1","","","","","","","","","","К53-67-1","","Конденсаторы","","","","","","Precision","","TKE","","TU","","Type","","Value","Volt","*","C?",""
"К53-67-2","","","","","","","","","","К53-67-2","","Конденсаторы","","","","","","Precision","","TKE","","TU","","Type","","Value","Volt","*","C?",""
"К53-67-3","","","","","","","","","","К53-67-3","","Конденсаторы","","","","","","Precision","","TKE","","TU","","Type","","Value","Volt","*","C?",""
"К53-67-4","","","","","","","","","","К53-67-4","","Конденсаторы","","","","","","Precision","","TKE","","TU","","Type","","Value","Volt","*","C?",""
"К53-67-5","","","","","","","","","","К53-67-5","","Конденсаторы","","","","","","Precision","","TKE","","TU","","Type","","Value","Volt","*","C?",""
"К53-68-B","К53-68-B","","","","","","","","","К53-68-B","К53-68 "В"-6,3В-10мкФ±20%","Конденсаторы","","","","","","±20%","1","TKE","","АЖЯР.673546.007 ТУ","","К53-68","","10 мкФ","6,3В","*","C?",""
"К561КП1","238.16-1","","","","","","","","","К561КП1","","Микросхемы","","","","","","","","","","TU","","Type","","","","*","DD?",""
"К73-17-250В-0,047МКФ","","","","","","","","","","К73-17-250В-0,047МКФ","","Конденсаторы","","","","","","Precision","","TKE","","TU","","Type","","Value","Volt","*","C?",""
"К73-17-250В-0,1МКФ","","","","","","","","","","К73-17-250В-0,1МКФ","","Конденсаторы","","","","","","Precision","","TKE","","TU","","Type","","Value","Volt","*","C?",""
"КД510","КД510","","","","","","","","","КД510","","Диоды","","","","","","","","","","TU","","Type","","","","*","VD?",""
"КОНТАКТ","КОНТАКТ","","","","","","","","","КОНТАКТ","","Group","","","","","","","","","","TU","","Type","","","","*","U?",""
"КОНТАКТ1","КОНТАКТ","","","","","","","","","КОНТАКТ1","","Group","","","","","","","","","","TU","","Type","","","","*","U?",""
"КОНТАКТ2","","","","","","","","","","КОНТАКТ2","","Group","","","","","","","","","","TU","","Type","","","","*","U?",""
"КОРПУС","","","","","","","","","","КОРПУС","","Group","","","","","","","","","","TU","","Type","","","","*","PWR?",""
"КРЕН5А","КРЕН5А","","","","","","","","","КРЕН5А","","Микросхемы","","","","","","","","","","TU","","Type","","","","*","DA?",""
"КТ3117А","","","","","","","","","","КТ3117А","","Транзисторы","","","","","","","","","","TU","","Type","","","","*","VT?",""
"Коаксиал","","","","","","","","","","Коаксиал","","Кабели соединительные","","","","","","","","","","TU","","Type","","","","*","","Коаксиальный кабель"
"Концквик","","","","","","","","","","=NameComp","","","","*","","Концевик","","","","","","","","","","","","*","SQ?","Концевик"
"МАА1200-1","","","","","","","","","","МАА1200-1","","Модули питания","","","","","","","","","","TU","","Type","","","","*","G?",""
"МАА150-1","","","","","","","","","","МАА150-1","","Модули питания","","","","","","","","","","TU","","Type","","","","*","G?",""
"МАА300-1СБП","","","","","","","","","","*","","Модули питания","","","","","","","","","","TU","","Type","","","","*","G?",""
"МАА50-1","","","","","","","","","","МАА50-1","","Модули питания","","","","","","","","","","TU","","Type","","","","*","G?",""
"МАА600-1","","","","","","","","","","МАА600-1","","Модули питания","","","","","","","","","","TU","","Type","","","","*","G?",""
"МАА600-1СФБП","","","","","","","","","","*","","Group","","","","","","","","","","TU","","Type","","","","*","Z?",""
"МАА600-Ф","","","","","","","","","","МАА600-Ф","","Group","","","","","","","","","","TU","","Type","","","","*","PWR?",""
"МДМ100-1ВМФ","","","","","","","","","","МДМ100-1ВМФ","","","","МДМ100-1ВМФ","","МДМ100-1ВМФ БКЯЮ.436630.030ТУ","","","","","","","","","Модуль электропитания","","","*","U?",""
"МДМ100-1ВСУФ","","","","","","","","","","=NameComp","","","","МДМ100-1ВСУФ","","МДМ100-1ВСУФ БКЯЮ.436630.030ТУ","","","","","","","","","Модуль электропитания","","","*","U?",""
"МДМ100-1ВСФ","","","","","","","","","","=NameComp","","","","МДМ100-1ВСФ","","МДМ100-1ВСФ БКЯЮ.436630.030ТУ","","","","","","","","","Модуль электропитания","","","*","U?",""
"МДМ15-1","","","","","","","","","","МДМ15-1","","Модули питания","","","","","","","","","","TU","","Type","","","","*","G?",""
"МДМ15-2","","","","","","","","","","МДМ15-2","","Модули питания","","","","","","","","","","TU","","Type","","","","*","G?",""
"МДМ30-1ВМФ","","","","","","","","","","МДМ30-1ВМФ","","","","МДМ30-1ВМФ","","МДМ30-1ВМФ БКЯЮ.436630.030ТУ","","","","","","","","","Модуль электропитания","","","*","U?",""
"МДМ30-1ВСУФ","","","","","","","","","","=NameComp","","","","МДМ30-1ВСУФ","","МДМ30-1ВСУФ БКЯЮ.436630.030ТУ","","","","","","","","","Модуль электропитания","","","*","U?",""
"МДМ30-1ВСФ","","","","","","","","","","=NameComp","","","","МДМ30-1ВСФ","","МДМ30-1ВСФ БКЯЮ.436630.030ТУ","","","","","","","","","Модуль электропитания","","","*","U?",""
"МДМ50-1","","","","","","","","","","*","","Модули питания","","","","","","","","","","TU","","Type","","","","*","G?",""
"МДМ5П-1","МДМ5-П1_МДМ5П-1(Primary)","","","","","","","","","МДМ5П-1","","Модули питания","","","","","","","","","","TU","","Type","","","","*","G?",""
"МДМ5П-2","","","","","","","","","","МДМ5П-2","","Модули питания","","","","","","","","","","TU","","Type","","","","*","G?",""
"МПВ15","МПВ15","","","","","","","","","МПВ15","","Модули питания","","","","","","","","","","TU","","Type","","","","*","G?",""
"МПВ5","МПВ5_МПВ5(Primary)","","","","","","","","","МПВ5","","Модули питания","","","","","","","","","","TU","","Type","","","","*","G?",""
"МПВ5СС","МПВ5_МПВ5СС(Primary)","","","","","","","","","МПВ5СС","","Модули питания","","","","","","","","","","TU","","Type","","","","*","G?",""
"МПВ60","","","","","","","","","","МПВ60","","Модули питания","","","","","","","","","","TU","","Type","","","","*","G?",""
"МПС60","МПС60_МПС60(Primary)","","","","","","","","","МПС60","","Модули питания","","","","","","","","","","TU","","Type","","","","*","G?",""
"МРМ1-В2,5ДТУ","","","","","","","","","","Модуль фильтрации","","Модули питания","Александер Электрик","","","","","","500","","","БКЮС.468240.003-01 ТУ","","МРМ1-В2,5ДТУ","","","","*","G?","Модуль фильтрации"
"ОПТРОН","","","","","","","","","","ОПТРОН","","Group","","","","","","","","","","TU","","Type","","","","*","U?",""
"П36.30","","","","","","","","","","*","","Group","","","","","","","","","","TU","","Type","","","","*","U?",""
"ПЭН-201-0,03/27","","","","","","","","","","=NameComp","","","","ПЭН-201-0,03/27","","ПЭН-201-0,03/27 038.431432.201СБ","","","","","","","","","Нагреватель","","","*","EK?","Нагреватели"
"ПЭН-202-0,017/27","","","","","","","","","","=NameComp","","","","ПЭН-202-0,017/27","","ПЭН-202-0,017/27 038.431432.202СБ","","","","","","","","","Нагреватель","","","*","EK?","Нагреватели"
"ПЭН-203-0,045/27","","","","","","","","","","=NameComp","","","","ПЭН-203-0,045/27","","ПЭН-203-0,045/27 038.431432.203СБ","","","","","","","","","Нагреватель","","","*","EK?","Нагреватели"
"Перемычка","","","","","","","","","","Перемычка","","Соединители","","","","","","","","","","TU","","Type","","","","*","X?",""
"Р1-12 АЛЯР.434110.005 ТУ","Р1-12-0,5","Р1-12-0,1","Р1-12-0,25","Р1-12-0,33","Р1-12-0,062","Р1-12-0,75","Р1-12-0,125","Р1-12-1,0","Р1-12-2,0","Р1-12 АЛЯР.434110.005 ТУ","","Резисторы","","","","","-0,125","±5%","1","","-M","АЛЯР.434110.005 ТУ","","Р1-12","","1кОм","","*","R?",""
"Р1-16 АЛЯР.434110.002 ТУ","Р1-12-0,25","Р1-12-0,062","Р1-12-0,125","","","","","","","Р1-16 АЛЯР.434110.002 ТУ","","Резисторы","","","-0,5","","-0,125","±0,1%","1","","-Д","АЛЯР.434110.002 ТУ","","Р1-16","","1кОм","","*","R?",""
"РК386ММ","РК386ММ","","","","","","","","","РК386ММ","","Group","","","","","","","","","","TU","","Type","","","","*","BQ?",""
"РК457","","","","","","","","","","РК457","","Group","","","","РК457-5ДC-16 000 К ТУ6321-011-07604008-07","","","","","","TU","","Type","","","","*","BQ?",""
"РЭС80","РЭС80_РЭС80(Primary)","","","","","","","","","РЭС80","","Group","","","","","","","","","","TU","","Type","","","","*","K?",""
"С2-33-0,25","","","","","","","","","","С2-33-0,25","","Резисторы","","","","","Power","Precision","","","","TU","","Type","","","","*","R?",""
"С2-33Н-0,5","","","","","","","","","","С2-33Н-0,5","","Резисторы","","","","","Power","Precision","","","","TU","","Type","","","","*","R?",""
"СМПВ15","СМПВ15","","","","","","","","","СМПВ15","","Модули питания","","","","","","","","","","TU","","Type","","","","*","G?",""
"СП3-19","SP3-19A","","","","","","","","","СП3-19","","Резисторы переменные","","","","","Power","Precicion","","","","TU","","Type","","Value","","*","RR?",""
"СП5-2ВБ","СП5-2ВБ","","","","","","","","","СП5-2ВБ","","Резисторы переменные","","","","","Power","Precicion","","","","TU","","Type","","Value","","*","RR?",""
"ТДМ-А","","","","","","","","","","ТДМ-А","ТДМ-А","Микросхемы","МИИЭТ","","","ТДМ-2.5А ГАВЛ.408854.108ТТ","","","1000","","","","","ТДМ-А","","","","*","BP?","Тензомодуль"
"ТС-500-П-01-А-2","","","","","","","","","","=NameComp","","","","ТС-500-П-01-А-2","","ТС-500-П-01-А-2 ТЛМВ.405211.142ТУ","","","","","","","","","Терморезисторы","Value","","*","RK?",""
"ТС-500-П-01-А-3","","","","","","","","","","=NameComp","","","","ТС-500-П-01-А-3","","ТС-500-П-01-А-3 ТЛМВ.405211.142ТУ","","","","","","","","","Терморезисторы","Value","","*","RK?",""
"ТЭНП 3.20.50.24","","","","","","","","","","=NameComp","","","","ТЭНП 3.20.50.24","","ТЭНП 3.20.50.24","","","","","","","","","Нагреватель патронный","","","*","EK?","Нагреватели"
"Устройство","","","","","","","","","","Устройство","","","","*","","*","","","","","","","","","","","","*","A?",""
"Фотодиод","","","","","","","","","","*","","","","*","","*","","","","","","","","","","","","*","BL?",""
